<?xml version="1.0" encoding="UTF-8"?>
<project-private xmlns="http://www.netbeans.org/ns/project-private/1">
    <editor-bookmarks xmlns="http://www.netbeans.org/ns/editor-bookmarks/2" lastBookmarkId="0"/>
    <open-files xmlns="http://www.netbeans.org/ns/projectui-open-files/2">
        <group>
            <file>file:/C:/Users/DELL/Documents/NetBeansProjects/SalesInvoiceMay/src/com/sales/view/InvoiceDialog.java</file>
            <file>file:/C:/Users/DELL/Documents/NetBeansProjects/SalesInvoiceMay/src/com/sales/view/InvoiceFrame.java</file>
            <file>file:/C:/Users/DELL/Documents/NetBeansProjects/SalesInvoiceMay/src/com/sales/model/InvoicesTableModel.java</file>
            <file>file:/C:/Users/DELL/Documents/NetBeansProjects/SalesInvoiceMay/src/com/sales/controller/Controller.java</file>
            <file>file:/C:/Users/DELL/Documents/NetBeansProjects/SalesInvoiceMay/src/com/sales/model/Invoice.java</file>
            <file>file:/C:/Users/DELL/Documents/NetBeansProjects/SalesInvoiceMay/src/com/sales/model/LinesTableModel.java</file>
            <file>file:/C:/Users/DELL/Documents/NetBeansProjects/SalesInvoiceMay/src/com/sales/view/LineDialog.java</file>
            <file>file:/C:/Users/DELL/Documents/NetBeansProjects/SalesInvoiceMay/src/com/sales/model/Line.java</file>
        </group>
    </open-files>
</project-private>
